{
  "builder_name": "json",
  "citation": "",
  "config_name": "default",
  "dataset_name": "chinese_safe",
  "dataset_size": 5179425,
  "description": "",
  "download_checksums": {
    "hf://datasets/SUSTech/ChineseSafe@cfb44aef82a82556d58ae817b743b51cb1b15ac2/test.jsonl": {
      "num_bytes": 5675848,
      "checksum": null
    }
  },
  "download_size": 5675848,
  "features": {
    "text": {
      "dtype": "string",
      "_type": "Value"
    },
    "label": {
      "dtype": "string",
      "_type": "Value"
    },
    "subject": {
      "dtype": "string",
      "_type": "Value"
    }
  },
  "homepage": "",
  "license": "",
  "size_in_bytes": 10855273,
  "splits": {
    "test": {
      "name": "test",
      "num_bytes": 5179425,
      "num_examples": 20000,
      "dataset_name": "chinese_safe"
    }
  },
  "version": {
    "version_str": "0.0.0",
    "major": 0,
    "minor": 0,
    "patch": 0
  }
}